title,category,status,author
Understanding GenServers in Elixir,elixir,draft,John
Building Real-Time Features with Phoenix LiveView,phoenix,published,Peter
Exploring Ash Framework for Rapid API Development,ash,archived,Bob,John
Optimizing Ecto Queries for Large Datasets,elixir,published,Peter
How to Deploy a Phoenix App with Docker and Fly.io,phoenix,draft,Peter
Ash Authentication: A Practical Guide,ash,published,Peter
Using Oban for Background Jobs in Elixir,elixir,archived,Peter
Real-World Authorization with Phoenix and Bodyguard,phoenix,published,Peter
Building Declarative APIs with Ash Resources,ash,draft,Peter
Pattern Matching Tips You Might Not Know,elixir,published,Paul
WebSocket Scaling with Phoenix Channels,phoenix,published,Alice
Ash Data Layer Deep Dive,ash,archived,Alice
Supercharging Your Mix Tasks,elixir,draft,Peter
Multi-Tenant Architectures in Phoenix,phoenix,archived,Alice
Declarative Workflows in Ash Flow,ash,published,Peter
Testing Strategies for Elixir Applications,elixir,published,Alice
Optimizing Asset Delivery with Phoenix 1.7,phoenix,draft,Peter
Integrating Ash with LiveView,ash,draft,Peter
Designing Fault-Tolerant Systems with Elixir OTP,elixir,archived,Peter
Deploying Phoenix Apps to Kubernetes,phoenix,published,Peter
Understanding GenServers in Elixir,elixir,draft,Peter
Building Real-Time Features with Phoenix LiveView,phoenix,published,Peter
Exploring Ash Framework for Rapid API Development,ash,archived,Alice
Optimizing Ecto Queries for Large Datasets,elixir,published,Peter
How to Deploy a Phoenix App with Docker and Fly.io,phoenix,draft,John
Ash Authentication: A Practical Guide,ash,published,Peter
Using Oban for Background Jobs in Elixir,elixir,archived,Peter
Real-World Authorization with Phoenix and Bodyguard,phoenix,published,Alice
Building Declarative APIs with Ash Resources,ash,draft,Peter
Pattern Matching Tips You Might Not Know,elixir,published,Paul
WebSocket Scaling with Phoenix Channels,phoenix,published,Peter
Ash Data Layer Deep Dive,ash,archived,John
Supercharging Your Mix Tasks,elixir,draft,Peter
Multi-Tenant Architectures in Phoenix,phoenix,archived,Peter
Declarative Workflows in Ash Flow,ash,published,Peter
Testing Strategies for Elixir Applications,testing,published,John
Optimizing Asset Delivery with Phoenix 1.7,phoenix,draft,Peter
Integrating Ash with LiveView,ash,draft,Peter
Designing Fault-Tolerant Systems with Elixir OTP,elixir,archived,Paul
Deploying Phoenix Apps to Kubernetes,devops,published,Thomas
Continuous Deployment with GitHub Actions and Fly.io,devops,published,Thomas
Monitoring Phoenix Applications with Prometheus and Grafana,devops,published,Thomas
Property-Based Testing with StreamData,testing,draft,Thomas
How Elixir Handles Concurrency the Right Way,elixir,published,Thomas
Using Swoosh for Transactional Emails in Phoenix,phoenix,draft,Peter
Scaling Ash APIs in Production,ash,published,Thomas
Building a Simple Chatbot with Elixir and OpenAI,ai,published,Thomas
AI-Powered Error Triage in Phoenix Applications,ai,draft,Thomas
CI/CD Pipelines for Elixir Projects,devops,archived,Thomas
Testing GraphQL Endpoints in Phoenix,testing,published,Thomas
Event-Driven Architectures with Elixir and Broadway,elixir,published,Thomas
